Market-id,Market-name,Year,Month,Txn-count,Total Active Plastic,Total Active Basic,Active Accounts
US,United States,2019,1,6392426,2362956,1936849,1776926
GB,United Kingdom,2019,1,3775050,1476715,1167364,1019532
CA,Canada,2019,1,2431756,1063571,811886,676572
DE,Germany,2019,1,3003770,1185017,874551,802340
FR,France,2019,1,2533098,974981,799165,697961
AU,Australia,2019,1,2213769,906241,716396,596997
JP,Japan,2019,1,4263503,1677228,1280327,1174612
SG,Singapore,2019,1,1141808,486934,359361,313852
IN,India,2019,1,3068530,1221059,1000868,834057
BR,Brazil,2019,1,1975874,750395,593198,544218
MX,Mexico,2019,1,1451171,581471,443871,387660
AE,United Arab Emirates,2019,1,1028972,463539,342095,285079
IT,Italy,2019,1,1841501,658577,539817,495245
ES,Spain,2019,1,1593868,644009,509098,444627
US,United States,2019,2,6563190,2373450,1945451,1784817
GB,United Kingdom,2019,2,3845071,1474867,1165903,1018256
CA,Canada,2019,2,2536090,1062059,810732,675610
DE,Germany,2019,2,3017912,1186905,875945,803619
FR,France,2019,2,2661447,981998,804916,702983
AU,Australia,2019,2,2220254,915210,723486,602905
JP,Japan,2019,2,4465361,1684483,1285865,1179693
SG,Singapore,2019,2,1155402,487923,360091,314490
IN,India,2019,2,3204435,1224210,1003451,836209
BR,Brazil,2019,2,2033123,753333,595520,546349
MX,Mexico,2019,2,1484964,586272,447536,390861
AE,United Arab Emirates,2019,2,1076153,469394,346416,288680
IT,Italy,2019,2,1851029,662475,543012,498176
ES,Spain,2019,2,1675130,644989,509873,445304
US,United States,2019,3,6956988,2372101,1944345,1783803
GB,United Kingdom,2019,3,3880130,1471839,1163509,1016165
CA,Canada,2019,3,2677099,1064988,812968,677473
DE,Germany,2019,3,3070307,1195129,882014,809187
FR,France,2019,3,2769418,990567,811940,709118
AU,Australia,2019,3,2299604,920920,728000,606667
JP,Japan,2019,3,4566912,1682603,1284430,1178376
SG,Singapore,2019,3,1217468,487797,359998,314409
IN,India,2019,3,3265833,1231046,1009054,840878
BR,Brazil,2019,3,2163021,760486,601175,551537
MX,Mexico,2019,3,1502650,592859,452564,395252
AE,United Arab Emirates,2019,3,1141716,474215,349974,291645
IT,Italy,2019,3,1879856,662781,543263,498406
ES,Spain,2019,3,1746997,643656,508819,444383
US,United States,2019,4,7222435,2368850,1941680,1781358
GB,United Kingdom,2019,4,4022998,1474967,1165982,1018325
CA,Canada,2019,4,2734994,1073613,819552,682960
DE,Germany,2019,4,3227144,1205239,889475,816032
FR,France,2019,4,2794964,995594,816061,712717
AU,Australia,2019,4,2436699,921646,728574,607145
JP,Japan,2019,4,4599857,1676880,1280061,1174368
SG,Singapore,2019,4,1285959,489132,360983,315269
IN,India,2019,4,3350924,1244797,1020325,850271
BR,Brazil,2019,4,2257824,769975,608676,558418
MX,Mexico,2019,4,1560207,598120,456580,398760
AE,United Arab Emirates,2019,4,1172974,476484,351649,293041
IT,Italy,2019,4,1972711,660708,541564,496848
ES,Spain,2019,4,1765559,643332,508563,444160
US,United States,2019,5,7235862,2375510,1947139,1786366
GB,United Kingdom,2019,5,4223978,1485974,1174683,1025924
CA,Canada,2019,5,2743139,1083954,827446,689538
DE,Germany,2019,5,3362363,1211034,893752,819956
FR,France,2019,5,2831598,995225,815758,712452
AU,Australia,2019,5,2507415,920260,727478,606232
JP,Japan,2019,5,4732251,1676182,1279528,1173879
SG,Singapore,2019,5,1304932,493197,363983,317889
IN,India,2019,5,3526590,1262421,1034771,862309
BR,Brazil,2019,5,2271884,777764,614833,564067
MX,Mexico,2019,5,1643382,600156,458134,400117
AE,United Arab Emirates,2019,5,1180648,477051,352067,293389
IT,Italy,2019,5,2056660,659675,540717,496071
ES,Spain,2019,5,1787355,646443,511022,446307
US,United States,2019,6,7271558,2394875,1963012,1800928
GB,United Kingdom,2019,6,4274274,1499339,1185248,1035151
CA,Canada,2019,6,2802559,1090432,832391,693659
DE,Germany,2019,6,3348309,1210263,893183,819434
FR,France,2019,6,2925908,992580,813590,710559
AU,Australia,2019,6,2481047,921630,728561,607134
JP,Japan,2019,6,4899174,1684795,1286103,1179911
SG,Singapore,2019,6,1296387,498763,368091,321477
IN,India,2019,6,3654699,1277310,1046975,872479
BR,Brazil,2019,6,2288377,781369,617683,566682
MX,Mexico,2019,6,1670789,600040,458046,400040
AE,United Arab Emirates,2019,6,1209339,478366,353038,294198
IT,Italy,2019,6,2049742,662162,542756,497941
ES,Spain,2019,6,1846562,652264,515624,450327
US,United States,2019,7,7429928,2418067,1982022,1818369
GB,United Kingdom,2019,7,4163058,1507347,1191579,1040680
CA,Canada,2019,7,2866075,1091005,832828,694023
DE,Germany,2019,7,3272397,1206726,890573,817039
FR,France,2019,7,2960003,992906,813857,710792
AU,Australia,2019,7,2462799,928130,733700,611417
JP,Japan,2019,7,4874147,1698454,1296530,1189477
SG,Singapore,2019,7,1310724,503216,371377,324347
IN,India,2019,7,3613900,1285360,1053574,877978
BR,Brazil,2019,7,2345636,782177,618322,567268
MX,Mexico,2019,7,1632650,600863,458674,400589
AE,United Arab Emirates,2019,7,1242411,482246,355901,296584
IT,Italy,2019,7,2000532,667418,547064,501894
ES,Spain,2019,7,1871839,657581,519827,453997
US,United States,2019,8,7414929,2432646,1993972,1829332
GB,United Kingdom,2019,8,4088661,1507184,1191450,1040568
CA,Canada,2019,8,2814643,1089080,831359,692799
DE,Germany,2019,8,3264041,1206801,890628,817090
FR,France,2019,8,2862693,998752,818649,714977
AU,Australia,2019,8,2487524,937438,741058,617548
JP,Japan,2019,8,4681435,1708232,1303994,1196325
SG,Singapore,2019,8,1326268,504954,372660,325467
IN,India,2019,8,3519787,1288826,1056415,880346
BR,Brazil,2019,8,2353285,784214,619932,568745
MX,Mexico,2019,8,1605789,604903,461758,403282
AE,United Arab Emirates,2019,8,1227169,488177,360278,300232
IT,Italy,2019,8,1991577,672144,550938,505448
ES,Spain,2019,8,1813568,659622,521440,455406
US,United States,2019,9,7112911,2434050,1995123,1830388
GB,United Kingdom,2019,9,4095977,1503576,1188598,1038077
CA,Canada,2019,9,2689442,1090415,832378,693648
DE,Germany,2019,9,3260448,1213584,895634,821683
FR,France,2019,9,2751235,1007599,825901,721311
AU,Australia,2019,9,2460975,944631,746744,622287
JP,Japan,2019,9,4562210,1708746,1304386,1196684
SG,Singapore,2019,9,1293502,504882,372607,325421
IN,India,2019,9,3516365,1294329,1060925,884104
BR,Brazil,2019,9,2268293,790454,624865,573271
MX,Mexico,2019,9,1612978,611498,466792,407679
AE,United Arab Emirates,2019,9,1177338,493761,364399,303666
IT,Italy,2019,9,1989811,673514,552061,506478
ES,Spain,2019,9,1742203,658627,520654,454720
US,United States,2019,10,6856586,2429884,1991708,1827255
GB,United Kingdom,2019,10,4032281,1504468,1189303,1038693
CA,Canada,2019,10,2633620,1097819,838030,698358
DE,Germany,2019,10,3155780,1224012,903330,828743
FR,France,2019,10,2732193,1014157,831276,726005
AU,Australia,2019,10,2357903,946715,748391,623659
JP,Japan,2019,10,4561260,1703131,1300100,1192752
SG,Singapore,2019,10,1238014,505602,373138,325885
IN,India,2019,10,3535832,1306794,1071143,892619
BR,Brazil,2019,10,2192194,800054,632454,580233
MX,Mexico,2019,10,1595242,617639,471480,411773
AE,United Arab Emirates,2019,10,1155782,496907,366721,305601
IT,Italy,2019,10,1927963,671787,550645,505179
ES,Spain,2019,10,1729163,657652,519883,454046
US,United States,2019,11,6881452,2432990,1994254,1829591
GB,United Kingdom,2019,11,3880001,1513728,1196623,1045086
CA,Canada,2019,11,2658694,1108538,846212,705177
DE,Germany,2019,11,3031665,1231649,908966,833914
FR,France,2019,11,2740661,1015217,832145,726764
AU,Australia,2019,11,2292272,945403,747354,622795
JP,Japan,2019,11,4508673,1700198,1297861,1190698
SG,Singapore,2019,11,1225310,509026,375665,328092
IN,India,2019,11,3469592,1324861,1085952,904960
BR,Brazil,2019,11,2206173,809081,639590,586780
MX,Mexico,2019,11,1540775,620719,473831,413826
AE,United Arab Emirates,2019,11,1171538,497777,367363,306136
IT,Italy,2019,11,1850480,670080,549246,503895
ES,Spain,2019,11,1737399,659756,521546,455499
US,United States,2019,12,8025401,2449639,2007901,1842111
GB,United Kingdom,2019,12,4394226,1527542,1207543,1054623
CA,Canada,2019,12,3055582,1116750,852481,710401
DE,Germany,2019,12,3487726,1232611,909676,834565
FR,France,2019,12,3096335,1012637,830030,724917
AU,Australia,2019,12,2679686,945571,747487,622906
JP,Japan,2019,12,5036886,1706330,1302542,1194993
SG,Singapore,2019,12,1442221,514605,379782,331687
IN,India,2019,12,3910818,1342035,1100029,916691
BR,Brazil,2019,12,2585740,814116,643570,590431
MX,Mexico,2019,12,1747806,620948,474006,413979
AE,United Arab Emirates,2019,12,1354211,498660,368015,306679
IT,Italy,2019,12,2124363,671511,550419,504972
ES,Spain,2019,12,1967023,665194,525845,459253
US,United States,2020,1,6967588,2479923,2032724,1864884
GB,United Kingdom,2020,1,3965197,1537142,1215132,1061251
CA,Canada,2020,1,2630919,1115516,851539,709616
DE,Germany,2020,1,3152253,1225686,904565,829876
FR,France,2020,1,2670569,1011661,829230,724218
AU,Australia,2020,1,2405860,953494,753750,628125
JP,Japan,2020,1,4396897,1724829,1316663,1207948
SG,Singapore,2020,1,1276777,520035,383790,335188
IN,India,2020,1,3504208,1349198,1105900,921583
BR,Brazil,2020,1,2256556,812798,642528,589475
MX,Mexico,2020,1,1580677,620615,473752,413757
AE,United Arab Emirates,2020,1,1171261,503004,371221,309351
IT,Italy,2020,1,1919665,678571,556206,510281
ES,Spain,2020,1,1696372,672062,531274,463995
US,United States,2020,2,7024197,2490936,2041751,1873166
GB,United Kingdom,2020,2,4119286,1535219,1213612,1059923
CA,Canada,2020,2,2690138,1113930,850328,708607
DE,Germany,2020,2,3220531,1227639,906007,831199
FR,France,2020,2,2772094,1018939,835196,729429
AU,Australia,2020,2,2428205,962929,761209,634341
JP,Japan,2020,2,4609134,1732290,1322359,1213173
SG,Singapore,2020,2,1282771,521092,384570,335869
IN,India,2020,2,3708056,1352679,1108753,923961
BR,Brazil,2020,2,2281384,815979,645043,591783
MX,Mexico,2020,2,1649447,625739,477663,417173
AE,United Arab Emirates,2020,2,1200668,509358,375910,313258
IT,Italy,2020,2,1963472,682588,559498,513301
ES,Spain,2020,2,1759492,673085,532083,464701
US,United States,2020,3,5307851,2489520,2040590,1872101
GB,United Kingdom,2020,3,3004563,1532067,1211120,1057747
CA,Canada,2020,3,2051565,1117002,852673,710561
DE,Germany,2020,3,2336722,1236145,912284,836958
FR,France,2020,3,2108180,1027832,842485,735795
AU,Australia,2020,3,1777105,968938,765959,638299
JP,Japan,2020,3,3462029,1730357,1320883,1211819
SG,Singapore,2020,3,954490,520960,384472,335783
IN,India,2020,3,2765049,1360230,1114943,929119
BR,Brazil,2020,3,1728226,823728,651168,597402
MX,Mexico,2020,3,1207994,632769,483030,421860
AE,United Arab Emirates,2020,3,919050,514588,379770,316475
IT,Italy,2020,3,1423888,682901,559755,513537
ES,Spain,2020,3,1339889,671693,530983,463741
US,United States,2020,4,5796402,2486109,2037794,1869536
GB,United Kingdom,2020,4,3160716,1535323,1213694,1059995
CA,Canada,2020,4,2212051,1126048,859579,716316
DE,Germany,2020,4,2494820,1246604,920003,844039
FR,France,2020,4,2233642,1033048,846761,739529
AU,Australia,2020,4,1931243,969700,766561,638801
JP,Japan,2020,4,3617857,1724471,1316390,1207697
SG,Singapore,2020,4,1047970,522384,385523,336701
IN,India,2020,4,2904757,1375427,1127399,939499
BR,Brazil,2020,4,1896149,834006,659293,604856
MX,Mexico,2020,4,1273116,638387,487318,425605
AE,United Arab Emirates,2020,4,996584,517053,381589,317991
IT,Italy,2020,4,1516973,680767,558006,511932
ES,Spain,2020,4,1422835,671356,530716,463507
US,United States,2020,5,6078634,2493097,2043522,1874791
GB,United Kingdom,2020,5,3407844,1546779,1222750,1067904
CA,Canada,2020,5,2293485,1136894,867858,723215
DE,Germany,2020,5,2705404,1252597,924426,848097
FR,France,2020,5,2309366,1032665,846447,739255
AU,Australia,2020,5,2089389,968242,765409,637841
JP,Japan,2020,5,3771045,1723752,1315841,1207194
SG,Singapore,2020,5,1120943,526724,388726,339499
IN,India,2020,5,3103443,1394899,1143360,952800
BR,Brazil,2020,5,1999121,842443,665963,610975
MX,Mexico,2020,5,1375277,640559,488976,427053
AE,United Arab Emirates,2020,5,1038343,517667,382042,318368
IT,Italy,2020,5,1643967,679703,557134,511132
ES,Spain,2020,5,1471589,674600,533281,465748
US,United States,2020,6,6215459,2513420,2060180,1890073
GB,United Kingdom,2020,6,3625842,1560692,1233749,1077510
CA,Canada,2020,6,2370679,1143688,873044,727537
DE,Germany,2020,6,2835405,1251799,923837,847557
FR,France,2020,6,2423287,1029920,844197,737290
AU,Australia,2020,6,2159779,969683,766548,638790
JP,Japan,2020,6,4009437,1732610,1322603,1213397
SG,Singapore,2020,6,1148581,532669,393114,343331
IN,India,2020,6,3347525,1411348,1156843,964036
BR,Brazil,2020,6,2050888,846348,669050,613807
MX,Mexico,2020,6,1469326,640434,488881,426970
AE,United Arab Emirates,2020,6,1076229,519094,383095,319246
IT,Italy,2020,6,1724891,682264,559233,513058
ES,Spain,2020,6,1542732,680679,538086,469944
US,United States,2020,7,6453552,2537761,2080132,1908378
GB,United Kingdom,2020,7,3677863,1569026,1240337,1083264
CA,Canada,2020,7,2493639,1144289,873503,727919
DE,Germany,2020,7,2848091,1248139,921136,845079
FR,France,2020,7,2554793,1030258,844474,737532
AU,Australia,2020,7,2177437,976523,771955,643296
JP,Japan,2020,7,4191842,1746657,1333326,1223235
SG,Singapore,2020,7,1173692,537424,396623,346396
IN,India,2020,7,3479170,1420247,1164137,970114
BR,Brazil,2020,7,2134275,847224,669742,614442
MX,Mexico,2020,7,1496996,641314,489553,427557
AE,United Arab Emirates,2020,7,1135712,523304,386202,321835
IT,Italy,2020,7,1732567,687681,563673,517131
ES,Spain,2020,7,1627836,686226,542471,473774
US,United States,2020,8,6719359,2553062,2092674,1919884
GB,United Kingdom,2020,8,3659498,1568858,1240204,1083148
CA,Canada,2020,8,2572859,1142270,871962,726635
DE,Germany,2020,8,2868878,1248219,921195,845133
FR,France,2020,8,2592146,1036325,849447,741875
AU,Australia,2020,8,2234710,986315,779696,649747
JP,Japan,2020,8,4184690,1756713,1341002,1230277
SG,Singapore,2020,8,1221847,539282,397994,347593
IN,India,2020,8,3475344,1424076,1167275,972729
BR,Brazil,2020,8,2231559,849430,671486,616042
MX,Mexico,2020,8,1492865,645624,492843,430431
AE,United Arab Emirates,2020,8,1178171,529740,390952,325793
IT,Italy,2020,8,1741654,692550,567664,520793
ES,Spain,2020,8,1655487,688355,544154,475244
US,United States,2020,9,6748151,2554535,2093881,1920992
GB,United Kingdom,2020,9,3729224,1565102,1237235,1080555
CA,Canada,2020,9,2547063,1143671,873031,727526
DE,Germany,2020,9,2953269,1255237,926374,849884
FR,France,2020,9,2546515,1045506,856972,748447
AU,Australia,2020,9,2306623,993885,785680,654733
JP,Japan,2020,9,4125320,1757239,1341404,1230646
SG,Singapore,2020,9,1251173,539205,397937,347543
IN,India,2020,9,3503812,1430155,1172258,976882
BR,Brazil,2020,9,2253421,856189,676829,620944
MX,Mexico,2020,9,1523743,652664,498217,435124
AE,United Arab Emirates,2020,9,1172557,535800,395424,329520
IT,Italy,2020,9,1790850,693963,568822,521855
ES,Spain,2020,9,1627745,687319,543335,474528
US,United States,2020,10,6628258,2550162,2090297,1917704
GB,United Kingdom,2020,10,3833781,1566033,1237971,1081197
CA,Canada,2020,10,2518083,1151436,878959,732466
DE,Germany,2020,10,2999509,1266020,934332,857185
FR,France,2020,10,2551564,1052309,862548,753317
AU,Australia,2020,10,2310293,996076,787412,656177
JP,Japan,2020,10,4196277,1751465,1336996,1226602
SG,Singapore,2020,10,1238252,539974,398505,348039
IN,India,2020,10,3632167,1443929,1183548,986290
BR,Brazil,2020,10,2221831,866587,685049,628485
MX,Mexico,2020,10,1572299,659220,503221,439494
AE,United Arab Emirates,2020,10,1162779,539214,397944,331620
IT,Italy,2020,10,1820627,692184,567364,520517
ES,Spain,2020,10,1629444,686298,542528,473824
US,United States,2020,11,6713030,2553423,2092970,1920156
GB,United Kingdom,2020,11,3847260,1575670,1245589,1087851
CA,Canada,2020,11,2590138,1162677,887540,739617
DE,Germany,2020,11,2969895,1273920,940162,862534
FR,France,2020,11,2643154,1053409,863450,754105
AU,Australia,2020,11,2284356,994695,786320,655267
JP,Japan,2020,11,4331375,1748449,1334694,1224490
SG,Singapore,2020,11,1235779,543630,401203,350396
IN,India,2020,11,3737126,1463891,1199911,999926
BR,Brazil,2020,11,2255197,876365,692779,635577
MX,Mexico,2020,11,1585148,662505,505729,441685
AE,United Arab Emirates,2020,11,1199464,540157,398640,332200
IT,Italy,2020,11,1803428,690424,565921,519194
ES,Spain,2020,11,1688510,688494,544264,475340
US,United States,2020,12,8098479,2570896,2107292,1933295
GB,United Kingdom,2020,12,4418922,1590049,1256956,1097778
CA,Canada,2020,12,3110484,1171292,894116,745097
DE,Germany,2020,12,3440279,1274914,940896,863207
FR,France,2020,12,3128206,1050731,861255,752188
AU,Australia,2020,12,2694301,994874,786462,655385
JP,Japan,2020,12,5038513,1754757,1339509,1228907
SG,Singapore,2020,12,1482603,549587,405599,354235
IN,India,2020,12,4333189,1482869,1215466,1012888
BR,Brazil,2020,12,2730727,881818,697089,639531
MX,Mexico,2020,12,1825647,662750,505916,441848
AE,United Arab Emirates,2020,12,1447742,541117,399348,332790
IT,Italy,2020,12,2085334,691899,567130,520303
ES,Spain,2020,12,2002881,694169,548750,479258
US,United States,2021,1,7285322,2602680,2133344,1957196
GB,United Kingdom,2021,1,3983600,1600043,1264856,1104678
CA,Canada,2021,1,2752217,1169999,893129,744274
DE,Germany,2021,1,3144099,1267752,935610,858358
FR,France,2021,1,2735337,1049719,860425,751463
AU,Australia,2021,1,2480272,1003208,793050,660875
JP,Japan,2021,1,4401912,1773779,1354030,1242229
SG,Singapore,2021,1,1358739,555387,409880,357974
IN,India,2021,1,3861810,1490783,1221953,1018294
BR,Brazil,2021,1,2470189,880391,695961,638496
MX,Mexico,2021,1,1648063,662395,505645,441611
AE,United Arab Emirates,2021,1,1288218,545831,402827,335689
IT,Italy,2021,1,1902820,699173,573093,525773
ES,Spain,2021,1,1753637,701338,554417,484207
US,United States,2021,2,7305764,2614237,2142817,1965887
GB,United Kingdom,2021,2,4187237,1598040,1263273,1103295
CA,Canada,2021,2,2767988,1168334,891858,743215
DE,Germany,2021,2,3274350,1269772,937101,859726
FR,France,2021,2,2782323,1057273,866617,756871
AU,Australia,2021,2,2549361,1013137,800899,667416
JP,Japan,2021,2,4547354,1781452,1359887,1247603
SG,Singapore,2021,2,1377872,556517,410714,358702
IN,India,2021,2,4076644,1494629,1225106,1020922
BR,Brazil,2021,2,2487489,883838,698686,640996
MX,Mexico,2021,2,1738151,667864,509820,445258
AE,United Arab Emirates,2021,2,1299987,552725,407915,339929
IT,Italy,2021,2,1983136,703312,576485,528885
ES,Spain,2021,2,1782274,702405,555261,484944
US,United States,2021,3,7516312,2612751,2141599,1964770
GB,United Kingdom,2021,3,4315037,1594759,1260679,1101030
CA,Canada,2021,3,2894820,1171557,894318,745265
DE,Germany,2021,3,3322892,1278570,943594,865683
FR,France,2021,3,2939251,1066500,874180,763476
AU,Australia,2021,3,2574702,1019458,805896,671580
JP,Japan,2021,3,4804347,1779463,1358369,1246210
SG,Singapore,2021,3,1399640,556372,410607,358609
IN,India,2021,3,4304936,1502973,1231945,1026621
BR,Brazil,2021,3,2564951,892229,705319,647082
MX,Mexico,2021,3,1799637,675368,515548,450260
AE,United Arab Emirates,2021,3,1363161,558401,412104,343420
IT,Italy,2021,3,2013957,703635,576750,529128
ES,Spain,2021,3,1882773,700952,554112,483941
US,United States,2021,4,7953961,2609171,2138665,1962078
GB,United Kingdom,2021,4,4348382,1598149,1263359,1103370
CA,Canada,2021,4,3060507,1181045,901561,751301
DE,Germany,2021,4,3365908,1289387,951577,873006
FR,France,2021,4,3069814,1071912,878616,767350
AU,Australia,2021,4,2651553,1020260,806530,672108
JP,Japan,2021,4,4932783,1773410,1353748,1241971
SG,Singapore,2021,4,1467819,557896,411731,359590
IN,India,2021,4,4396506,1519764,1245708,1038090
BR,Brazil,2021,4,2723377,903362,714120,655156
MX,Mexico,2021,4,1819161,681362,520124,454257
AE,United Arab Emirates,2021,4,1448029,561074,414077,345064
IT,Italy,2021,4,2036933,701435,574947,527474
ES,Spain,2021,4,1970554,700600,553834,483698
US,United States,2021,5,8232087,2616505,2144676,1967593
GB,United Kingdom,2021,5,4451716,1610073,1272785,1111603
CA,Canada,2021,5,3116481,1192420,910244,758537
DE,Germany,2021,5,3498007,1295585,956151,877203
FR,France,2021,5,3081399,1071515,878291,767066
AU,Australia,2021,5,2786254,1018727,805318,671098
JP,Japan,2021,5,4925638,1772672,1353185,1241454
SG,Singapore,2021,5,1542393,562531,415152,362578
IN,India,2021,5,4459396,1541280,1263344,1052787
BR,Brazil,2021,5,2833737,912499,721343,661783
MX,Mexico,2021,5,1865036,683680,521893,455802
AE,United Arab Emirates,2021,5,1482982,561741,414569,345474
IT,Italy,2021,5,2113006,700340,574049,526650
ES,Spain,2021,5,1981287,703986,556511,486036
US,United States,2021,6,8160119,2637834,2162159,1983632
GB,United Kingdom,2021,6,4616499,1624555,1284233,1121601
CA,Canada,2021,6,3082576,1199546,915684,763070
DE,Germany,2021,6,3610665,1294761,955543,876645
FR,France,2021,6,3070501,1068666,875956,765027
AU,Australia,2021,6,2845189,1020243,806516,672097
JP,Japan,2021,6,4980430,1781782,1360139,1247834
SG,Singapore,2021,6,1552590,568879,419837,366670
IN,India,2021,6,4619690,1559455,1278242,1065202
BR,Brazil,2021,6,2822052,916730,724688,664851
MX,Mexico,2021,6,1939607,683549,521793,455714
AE,United Arab Emirates,2021,6,1472532,563288,415711,346426
IT,Italy,2021,6,2181867,702979,576212,528635
ES,Spain,2021,6,1973174,710328,561524,490414
US,United States,2021,7,8050074,2663381,2183099,2002843
GB,United Kingdom,2021,7,4628647,1633231,1291092,1127591
CA,Canada,2021,7,3090642,1200176,916165,763471
DE,Germany,2021,7,3559872,1290976,952750,874083
FR,France,2021,7,3119550,1069016,876243,765278
AU,Australia,2021,7,2780205,1027441,812206,676838
JP,Japan,2021,7,5085769,1796227,1371166,1257950
SG,Singapore,2021,7,1518222,573959,423586,369944
IN,India,2021,7,4736288,1569286,1286300,1071917
BR,Brazil,2021,7,2790872,917679,725438,665539
MX,Mexico,2021,7,1953803,684487,522509,456340
AE,United Arab Emirates,2021,7,1480091,567857,419083,349236
IT,Italy,2021,7,2153296,708559,580786,532831
ES,Spain,2021,7,2003812,716118,566101,494411
US,United States,2021,8,8104914,2679438,2196261,2014918
GB,United Kingdom,2021,8,4456640,1633057,1290954,1127471
CA,Canada,2021,8,3124550,1198059,914549,762124
DE,Germany,2021,8,3428183,1291058,952810,874138
FR,France,2021,8,3128525,1075312,881403,769784
AU,Australia,2021,8,2713250,1037743,820350,683625
JP,Japan,2021,8,5021642,1806567,1379059,1265192
SG,Singapore,2021,8,1508974,575941,425049,371222
IN,India,2021,8,4643696,1573519,1289770,1074808
BR,Brazil,2021,8,2817987,920067,727326,667272
MX,Mexico,2021,8,1887964,689088,526021,459407
AE,United Arab Emirates,2021,8,1502695,574841,424237,353531
IT,Italy,2021,8,2071423,713576,584898,536604
ES,Spain,2021,8,2013186,718339,567857,495945
US,United States,2021,9,8058818,2680984,2197528,2016081
GB,United Kingdom,2021,9,4322513,1629148,1287864,1124772
CA,Canada,2021,9,3059542,1199528,915670,763058
DE,Germany,2021,9,3377954,1298316,958167,879052
FR,France,2021,9,3012879,1084839,889212,776604
AU,Australia,2021,9,2713701,1045705,826644,688870
JP,Japan,2021,9,4788867,1807110,1379473,1265572
SG,Singapore,2021,9,1516903,575860,424989,371169
IN,India,2021,9,4476198,1580236,1295275,1079396
BR,Brazil,2021,9,2816266,927389,733114,672582
MX,Mexico,2021,9,1833965,696600,531756,464416
AE,United Arab Emirates,2021,9,1479966,581417,429090,357575
IT,Italy,2021,9,2036863,715032,586092,537699
ES,Spain,2021,9,1942681,717258,567002,495198
US,United States,2021,10,7748258,2676397,2193768,2012631
GB,United Kingdom,2021,10,4320433,1630114,1288628,1125439
CA,Canada,2021,10,2921193,1207673,921888,768240
DE,Germany,2021,10,3377628,1309469,966398,886604
FR,France,2021,10,2884317,1091896,894997,781657
AU,Australia,2021,10,2693974,1048012,828468,690390
JP,Japan,2021,10,4640736,1801171,1374940,1261413
SG,Singapore,2021,10,1485384,576680,425594,371698
IN,India,2021,10,4449109,1595455,1307750,1089792
BR,Brazil,2021,10,2721424,938653,742018,680750
MX,Mexico,2021,10,1837424,703597,537097,469080
AE,United Arab Emirates,2021,10,1419240,585123,431825,359854
IT,Italy,2021,10,2036479,713199,584589,536320
ES,Spain,2021,10,1859478,716194,566161,494464
US,United States,2021,11,7494208,2679818,2196572,2015204
GB,United Kingdom,2021,11,4302113,1640147,1296559,1132366
CA,Canada,2021,11,2866343,1219463,930888,775740
DE,Germany,2021,11,3307392,1317640,972428,892136
FR,France,2021,11,2872872,1093039,895934,782475
AU,Australia,2021,11,2606516,1046560,827320,689433
JP,Japan,2021,11,4666467,1798071,1372573,1259241
SG,Singapore,2021,11,1431166,580586,428477,374216
IN,India,2021,11,4514155,1617514,1325831,1104859
BR,Brazil,2021,11,2639619,949245,750391,688432
MX,Mexico,2021,11,1837854,707105,539775,471419
AE,United Arab Emirates,2021,11,1396117,586147,432581,360484
IT,Italy,2021,11,1996385,711384,583102,534956
ES,Spain,2021,11,1850697,718486,567973,496046
US,United States,2021,12,8718631,2698154,2211602,2028993
GB,United Kingdom,2021,12,4826922,1655116,1308392,1142700
CA,Canada,2021,12,3364226,1228500,937786,781488
DE,Germany,2021,12,3692901,1318668,973187,892832
FR,France,2021,12,3361107,1090259,893655,780485
AU,Australia,2021,12,2936695,1046747,827468,689557
JP,Japan,2021,12,5390645,1804555,1377523,1263783
SG,Singapore,2021,12,1639707,586947,433171,378315
IN,India,2021,12,5176716,1638481,1343017,1119181
BR,Brazil,2021,12,3078611,955148,755058,692714
MX,Mexico,2021,12,2070391,707366,539974,471593
AE,United Arab Emirates,2021,12,1644758,587187,433348,361123
IT,Italy,2021,12,2227818,712905,584348,536099
ES,Spain,2021,12,2168200,724406,572653,500134
US,United States,2022,1,8188000,2731512,2238944,2054077
GB,United Kingdom,2022,1,4369916,1665517,1316614,1149881
CA,Canada,2022,1,3115621,1227141,936749,780624
DE,Germany,2022,1,3396712,1311262,967721,887817
FR,France,2022,1,3056580,1089209,892794,779733
AU,Australia,2022,1,2750103,1055516,834400,695333
JP,Japan,2022,1,4835935,1824120,1392458,1277484
SG,Singapore,2022,1,1550340,593143,437744,382309
IN,India,2022,1,4673122,1647226,1350185,1125154
BR,Brazil,2022,1,2905187,953603,753836,691593
MX,Mexico,2022,1,1877573,706987,539685,471341
AE,United Arab Emirates,2022,1,1532047,592303,437124,364270
IT,Italy,2022,1,2044601,720400,590492,541736
ES,Spain,2022,1,1976273,731887,578567,505299
US,United States,2022,2,8301277,2743642,2248887,2063199
GB,United Kingdom,2022,2,4573473,1663432,1314966,1148442
CA,Canada,2022,2,3127093,1225396,935417,779514
DE,Germany,2022,2,3569330,1313351,969263,889232
FR,France,2022,2,3064723,1097047,899219,785344
AU,Australia,2022,2,2878296,1065962,842658,702215
JP,Japan,2022,2,4895577,1832010,1398481,1283010
SG,Singapore,2022,2,1602734,594348,438633,383086
IN,India,2022,2,4851092,1651475,1353668,1128057
BR,Brazil,2022,2,2960910,957337,756788,694301
MX,Mexico,2022,2,1969056,712825,544141,475232
AE,United Arab Emirates,2022,2,1544983,599784,442645,368871
IT,Italy,2022,2,2147522,724664,593987,544942
ES,Spain,2022,2,1981886,733002,579448,506068
US,United States,2022,3,8404171,2742082,2247608,2062026
GB,United Kingdom,2022,3,4803290,1660016,1312266,1146084
CA,Canada,2022,3,3204589,1228776,937997,781664
DE,Germany,2022,3,3689889,1322450,975978,895393
FR,France,2022,3,3188900,1106622,907067,792198
AU,Australia,2022,3,2935935,1072612,847915,706596
JP,Japan,2022,3,5156025,1829965,1396920,1281578
SG,Singapore,2022,3,1622803,594195,438520,382987
IN,India,2022,3,5174304,1660696,1361226,1134355
BR,Brazil,2022,3,3007027,966427,763974,700894
MX,Mexico,2022,3,2076847,720833,550254,480571
AE,United Arab Emirates,2022,3,1587467,605944,447191,372659
IT,Italy,2022,3,2222592,724997,594260,545193
ES,Spain,2022,3,2060333,731486,578250,505022
US,United States,2022,4,8776081,2738325,2244529,2059201
GB,United Kingdom,2022,4,4877765,1663545,1315055,1148520
CA,Canada,2022,4,3385983,1238727,945593,787994
DE,Germany,2022,4,3716287,1333638,984235,902968
FR,France,2022,4,3371062,1112237,911670,796218
AU,Australia,2022,4,2973157,1073456,848582,707152
JP,Japan,2022,4,5396888,1823741,1392169,1277219
SG,Singapore,2022,4,1667753,595821,439720,384035
IN,India,2022,4,5380611,1679247,1376432,1147027
BR,Brazil,2022,4,3147407,978484,773505,709638
MX,Mexico,2022,4,2118144,727231,555138,484837
AE,United Arab Emirates,2022,4,1683016,608845,449332,374443
IT,Italy,2022,4,2238048,722730,592402,543488
ES,Spain,2022,4,2180267,731118,577959,504768
US,United States,2022,5,9210722,2746022,2250838,2064989
GB,United Kingdom,2022,5,4903902,1675958,1324868,1157090
CA,Canada,2022,5,3516562,1250658,954701,795584
DE,Germany,2022,5,3786351,1340050,988967,907309
FR,France,2022,5,3441382,1111825,911332,795923
AU,Australia,2022,5,3085863,1071843,847307,706089
JP,Japan,2022,5,5424672,1822982,1391589,1276687
SG,Singapore,2022,5,1753535,600772,443374,387226
IN,India,2022,5,5420141,1703021,1395919,1163266
BR,Brazil,2022,5,3317797,988384,781331,716817
MX,Mexico,2022,5,2133945,729707,557028,486487
AE,United Arab Emirates,2022,5,1757616,609568,449866,374888
IT,Italy,2022,5,2275470,721602,591477,542639
ES,Spain,2022,5,2230918,734653,580753,507208
US,United States,2022,6,9272279,2768407,2269186,2081822
GB,United Kingdom,2022,6,5033868,1691032,1336784,1167497
CA,Canada,2022,6,3492786,1258132,960406,800338
DE,Germany,2022,6,3920535,1339197,988337,906731
FR,France,2022,6,3397634,1108869,908909,793807
AU,Australia,2022,6,3198041,1073439,848568,707140
JP,Japan,2022,6,5383593,1832348,1398739,1283247
SG,Singapore,2022,6,1800458,607551,448377,391596
IN,India,2022,6,5506507,1723106,1412382,1176985
BR,Brazil,2022,6,3358199,992966,784953,720140
MX,Mexico,2022,6,2194211,729565,556920,486393
AE,United Arab Emirates,2022,6,1754777,611247,451105,375921
IT,Italy,2022,6,2353839,724321,593706,544684
ES,Spain,2022,6,2204056,741271,585985,511777
US,United States,2022,7,9042855,2795219,2291163,2101984
GB,United Kingdom,2022,7,5130141,1700063,1343923,1173732
CA,Canada,2022,7,3434138,1258793,960911,800759
DE,Germany,2022,7,3942716,1335282,985448,904081
FR,France,2022,7,3388281,1109234,909208,794068
AU,Australia,2022,7,3171214,1081011,854554,712128
JP,Japan,2022,7,5447549,1847205,1410080,1293651
SG,Singapore,2022,7,1765866,612976,452381,395093
IN,India,2022,7,5669788,1733968,1421285,1184404
BR,Brazil,2022,7,3287010,993993,785765,720885
MX,Mexico,2022,7,2244863,730567,557685,487061
AE,United Arab Emirates,2022,7,1730385,616205,454764,378970
IT,Italy,2022,7,2369592,730071,598419,549008
ES,Spain,2022,7,2195886,747311,590760,515948
US,United States,2022,8,8947441,2812070,2304975,2114656
GB,United Kingdom,2022,8,5003586,1699882,1343780,1173607
CA,Canada,2022,8,3448474,1256572,959215,799346
DE,Germany,2022,8,3798592,1335366,985510,904138
FR,France,2022,8,3420939,1115766,914562,798744
AU,Australia,2022,8,3056514,1091851,863123,719269
JP,Japan,2022,8,5470822,1857838,1418197,1301098
SG,Singapore,2022,8,1720613,615094,453944,396458
IN,India,2022,8,5669537,1738644,1425118,1187598
BR,Brazil,2022,8,3259497,996581,787811,722762
MX,Mexico,2022,8,2199509,735476,561432,490334
AE,United Arab Emirates,2022,8,1742779,623784,460357,383631
IT,Italy,2022,8,2283606,735242,602657,552896
ES,Spain,2022,8,2218206,749629,592592,517548
US,United States,2022,9,8977221,2813693,2306306,2115877
GB,United Kingdom,2022,9,4783564,1695812,1340563,1170797
CA,Canada,2022,9,3438428,1258112,960391,800326
DE,Germany,2022,9,3667890,1342874,991051,909221
FR,France,2022,9,3358484,1125650,922664,805820
AU,Australia,2022,9,3006304,1100229,869746,724788
JP,Japan,2022,9,5280086,1858396,1418623,1301489
SG,Singapore,2022,9,1720007,615006,453879,396401
IN,India,2022,9,5460983,1746066,1431202,1192668
BR,Brazil,2022,9,3283077,1004510,794079,728513
MX,Mexico,2022,9,2108151,743497,567555,495681
AE,United Arab Emirates,2022,9,1746770,630919,465623,388019
IT,Italy,2022,9,2200863,736740,603885,554023
ES,Spain,2022,9,2182717,748502,591701,516769
US,United States,2022,10,8792284,2808878,2302359,2112256
GB,United Kingdom,2022,10,4709552,1696818,1341358,1171492
CA,Canada,2022,10,3315574,1266655,966912,805760
DE,Germany,2022,10,3656231,1354411,999565,917032
FR,France,2022,10,3204629,1132974,928667,811063
AU,Australia,2022,10,3014623,1102655,871664,726387
JP,Japan,2022,10,5039333,1852289,1413961,1297212
SG,Singapore,2022,10,1715806,615884,454527,396967
IN,India,2022,10,5318714,1762882,1444985,1204154
BR,Brazil,2022,10,3233115,1016710,803723,737361
MX,Mexico,2022,10,2078598,750964,573255,500659
AE,United Arab Emirates,2022,10,1693658,634939,468590,390492
IT,Italy,2022,10,2190735,734850,602336,552602
ES,Spain,2022,10,2085186,747391,590823,516003
US,United States,2022,11,8454931,2812468,2305302,2114956
GB,United Kingdom,2022,11,4746824,1707262,1349614,1178702
CA,Canada,2022,11,3198976,1279021,976352,813627
DE,Germany,2022,11,3649924,1362862,1005802,922754
FR,France,2022,11,3127976,1134158,929638,811911
AU,Australia,2022,11,2969813,1101127,870456,725380
JP,Japan,2022,11,4995498,1849099,1411526,1294978
SG,Singapore,2022,11,1667875,620055,457605,399655
IN,India,2022,11,5386261,1787254,1464962,1220802
BR,Brazil,2022,11,3121949,1028183,812793,745682
MX,Mexico,2022,11,2102198,754707,576112,503155
AE,United Arab Emirates,2022,11,1639569,636052,469411,391176
IT,Italy,2022,11,2188655,732983,600806,551198
ES,Spain,2022,11,2033582,749783,592714,517654
US,United States,2022,12,9643426,2831714,2321077,2129428
GB,United Kingdom,2022,12,5416385,1722843,1361931,1189459
CA,Canada,2022,12,3708734,1288499,983587,819656
DE,Germany,2022,12,4102070,1363925,1006587,923474
FR,France,2022,12,3661960,1131276,927275,809847
AU,Australia,2022,12,3322886,1101324,870612,725510
JP,Japan,2022,12,5846475,1855768,1416617,1299649
SG,Singapore,2022,12,1877755,626847,462618,404033
IN,India,2022,12,6298637,1810424,1483954,1236628
BR,Brazil,2022,12,3568791,1034579,817849,750320
MX,Mexico,2022,12,2410010,754986,576325,503341
AE,United Arab Emirates,2022,12,1905915,637179,470243,391869
IT,Italy,2022,12,2461449,734549,602089,552375
ES,Spain,2022,12,2380800,755961,597598,521920
US,United States,2023,1,8730680,2866722,2349772,2155754
GB,United Kingdom,2023,1,4658190,1733669,1370489,1196934
CA,Canada,2023,1,3350599,1287075,982500,818750
DE,Germany,2023,1,3550925,1356263,1000932,918286
FR,France,2023,1,3263992,1130186,926382,809067
AU,Australia,2023,1,2927916,1110551,877906,731588
JP,Japan,2023,1,5118414,1875889,1431976,1313739
SG,Singapore,2023,1,1685652,633464,467501,408298
IN,India,2023,1,5484644,1820086,1491874,1243228
BR,Brazil,2023,1,3242100,1032905,816526,749106
MX,Mexico,2023,1,2078829,754581,576016,503071
AE,United Arab Emirates,2023,1,1730276,642731,474340,395283
IT,Italy,2023,1,2127210,742271,608419,558183
ES,Spain,2023,1,2126788,763769,603770,527310
US,United States,2023,2,9026886,2879451,2360206,2165327
GB,United Kingdom,2023,2,4789141,1731499,1368774,1195436
CA,Canada,2023,2,3408552,1285244,981102,817585
DE,Germany,2023,2,3703505,1358425,1002528,919750
FR,France,2023,2,3276775,1138319,933048,814889
AU,Australia,2023,2,3082759,1121541,886594,738828
JP,Japan,2023,2,5120694,1884003,1438170,1319422
SG,Singapore,2023,2,1771675,634754,468453,409129
IN,India,2023,2,5582694,1824781,1495722,1246435
BR,Brazil,2023,2,3370293,1036950,819723,752039
MX,Mexico,2023,2,2140298,760813,580773,507225
AE,United Arab Emirates,2023,2,1770217,650849,480331,400276
IT,Italy,2023,2,2214816,746664,612020,561486
ES,Spain,2023,2,2138358,764930,604688,528112
US,United States,2023,3,9126910,2877817,2358866,2164097
GB,United Kingdom,2023,3,5071825,1727944,1365964,1192982
CA,Canada,2023,3,3445060,1288788,983808,819840
DE,Germany,2023,3,3897264,1367837,1009474,926123
FR,France,2023,3,3341482,1148253,941191,822001
AU,Australia,2023,3,3206142,1128539,892126,743438
JP,Japan,2023,3,5301259,1881899,1436564,1317949
SG,Singapore,2023,3,1816586,634589,468331,409023
IN,India,2023,3,5916894,1834969,1504073,1253394
BR,Brazil,2023,3,3422968,1046795,827506,759180
MX,Mexico,2023,3,2273530,769359,587297,512923
AE,United Arab Emirates,2023,3,1795790,657533,485264,404387
IT,Italy,2023,3,2331896,747008,612302,561745
ES,Spain,2023,3,2179118,763349,603438,527020
US,United States,2023,4,9338943,2873872,2355633,2161131
GB,United Kingdom,2023,4,5247950,1731617,1368867,1195517
CA,Canada,2023,4,3583563,1299227,991776,826480
DE,Germany,2023,4,3966814,1379408,1018013,933957
FR,France,2023,4,3518699,1154080,945967,826172
AU,Australia,2023,4,3238700,1129427,892828,744023
JP,Japan,2023,4,5601184,1875498,1431678,1313466
SG,Singapore,2023,4,1839665,636326,469613,410142
IN,India,2023,4,6266216,1855468,1520875,1267396
BR,Brazil,2023,4,3510816,1059856,837831,768652
MX,Mexico,2023,4,2363547,776188,592510,517476
AE,United Arab Emirates,2023,4,1872737,660682,487588,406323
IT,Italy,2023,4,2375651,744673,610388,559989
ES,Spain,2023,4,2294001,762965,603134,526755
US,United States,2023,5,9788358,2881951,2362255,2167206
GB,United Kingdom,2023,5,5249683,1744539,1379082,1204438
CA,Canada,2023,5,3764829,1311740,1001328,834440
DE,Germany,2023,5,3975959,1386040,1022908,938448
FR,France,2023,5,3661329,1153650,945615,825865
AU,Australia,2023,5,3293924,1127730,891486,742905
JP,Japan,2023,5,5734209,1874717,1431082,1312919
SG,Singapore,2023,5,1905809,641613,473515,413550
IN,India,2023,5,6372790,1881737,1542407,1285339
BR,Brazil,2023,5,3690947,1070578,846307,776428
MX,Mexico,2023,5,2372423,778829,594526,519237
AE,United Arab Emirates,2023,5,1976189,661466,488167,406806
IT,Italy,2023,5,2378184,743509,609434,559114
ES,Spain,2023,5,2391573,766653,606050,529301
US,United States,2023,6,10049004,2905442,2381510,2184872
GB,United Kingdom,2023,6,5282241,1760229,1391485,1215271
CA,Canada,2023,6,3804426,1319579,1007312,839427
DE,Germany,2023,6,4063949,1385158,1022257,937850
FR,France,2023,6,3641160,1150584,943102,823670
AU,Australia,2023,6,3413186,1129407,892812,744010
JP,Japan,2023,6,5655754,1884351,1438436,1319666
SG,Singapore,2023,6,1981304,648853,478858,418217
IN,India,2023,6,6364741,1903930,1560598,1300498
BR,Brazil,2023,6,3808985,1075540,850229,780027
MX,Mexico,2023,6,2390668,778680,594412,519137
AE,United Arab Emirates,2023,6,2008551,663289,489512,407927
IT,Italy,2023,6,2425961,746312,611731,561221
ES,Spain,2023,6,2382933,773560,611510,534070
US,United States,2023,7,9848205,2933582,2404575,2206032
GB,United Kingdom,2023,7,5396187,1769630,1398917,1221762
CA,Canada,2023,7,3708602,1320273,1007842,839868
DE,Germany,2023,7,4145733,1381109,1019269,935109
FR,France,2023,7,3565117,1150963,943412,823941
AU,Australia,2023,7,3452108,1137374,899110,749258
JP,Japan,2023,7,5611264,1899627,1450097,1330364
SG,Singapore,2023,7,1975844,654647,483134,421951
IN,India,2023,7,6475479,1915931,1570435,1308696
BR,Brazil,2023,7,3751263,1076653,851109,780834
MX,Mexico,2023,7,2448438,779749,595228,519850
AE,United Arab Emirates,2023,7,1966194,668669,493483,411236
IT,Italy,2023,7,2474978,752236,616587,565676
ES,Spain,2023,7,2332428,779864,616493,538422
US,United States,2023,8,9557807,2951268,2419072,2219332
GB,United Kingdom,2023,8,5368548,1769440,1398767,1221631
CA,Canada,2023,8,3654365,1317943,1006063,838386
DE,Germany,2023,8,4055191,1381196,1019333,935168
FR,France,2023,8,3564430,1157740,948967,828792
AU,Australia,2023,8,3339614,1148779,908126,756772
JP,Japan,2023,8,5655417,1910563,1458445,1338023
SG,Singapore,2023,8,1906699,656908,484803,423409
IN,India,2023,8,6573512,1921097,1574670,1312225
BR,Brazil,2023,8,3650417,1079456,853325,782867
MX,Mexico,2023,8,2447039,784990,599229,523344
AE,United Arab Emirates,2023,8,1942293,676893,499552,416293
IT,Italy,2023,8,2423577,757563,620953,569682
ES,Spain,2023,8,2330439,782284,618406,540093
US,United States,2023,9,9518471,2952971,2420468,2220613
GB,United Kingdom,2023,9,5138606,1765204,1395418,1218706
CA,Canada,2023,9,3665742,1319559,1007297,839414
DE,Germany,2023,9,3869502,1388960,1025063,940425
FR,France,2023,9,3557809,1167998,957375,836135
AU,Australia,2023,9,3220770,1157595,915095,762579
JP,Japan,2023,9,5567255,1911137,1458883,1338425
SG,Singapore,2023,9,1871258,656816,484735,423349
IN,India,2023,9,6423391,1929297,1581391,1317826
BR,Brazil,2023,9,3644964,1088047,860116,789097
MX,Mexico,2023,9,2351351,793548,605762,529050
AE,United Arab Emirates,2023,9,1955984,684635,505266,421055
IT,Italy,2023,9,2310870,759107,622219,570843
ES,Spain,2023,9,2329683,781105,617474,539279
US,United States,2023,10,9489813,2947917,2416325,2216812
GB,United Kingdom,2023,10,4958073,1766252,1396247,1219430
CA,Canada,2023,10,3604027,1328519,1014137,845114
DE,Germany,2023,10,3791619,1400894,1033870,948505
FR,France,2023,10,3437687,1175596,963603,841575
AU,Australia,2023,10,3209373,1160148,917113,764261
JP,Japan,2023,10,5313400,1904857,1454089,1334027
SG,Singapore,2023,10,1880069,657751,485425,423952
IN,India,2023,10,6176314,1947879,1596622,1330518
BR,Brazil,2023,10,3651692,1101260,870561,798680
MX,Mexico,2023,10,2272600,801518,611846,534363
AE,United Arab Emirates,2023,10,1934123,689000,508487,423739
IT,Italy,2023,10,2259531,757160,620623,569379
ES,Spain,2023,10,2255935,779948,616560,538480
US,United States,2023,11,9222150,2951685,2419414,2219646
GB,United Kingdom,2023,11,4978255,1777124,1404841,1226935
CA,Canada,2023,11,3468430,1341490,1024038,853365
DE,Germany,2023,11,3820921,1409635,1040321,954423
FR,France,2023,11,3306374,1176825,964611,842455
AU,Australia,2023,11,3220011,1158539,915841,763201
JP,Japan,2023,11,5161382,1901576,1451585,1331729
SG,Singapore,2023,11,1862840,662206,488713,426824
IN,India,2023,11,6152649,1974809,1618696,1348913
BR,Brazil,2023,11,3567333,1113686,880384,807692
MX,Mexico,2023,11,2286600,805515,614897,537028
AE,United Arab Emirates,2023,11,1870111,690204,509376,424480
IT,Italy,2023,11,2276046,755236,619046,567932
ES,Spain,2023,11,2170058,782443,618532,540203
US,United States,2023,12,10347307,2971883,2435970,2234835
GB,United Kingdom,2023,12,5790027,1793340,1417660,1238131
CA,Canada,2023,12,3940336,1351430,1031626,859688
DE,Germany,2023,12,4373629,1410735,1041133,955168
FR,France,2023,12,3813965,1173835,962160,840314
AU,Australia,2023,12,3637208,1158748,916006,763338
JP,Japan,2023,12,6024737,1908437,1456822,1336534
SG,Singapore,2023,12,2089427,669462,494068,431500
IN,India,2023,12,7270384,2000408,1639679,1366399
BR,Brazil,2023,12,4014989,1120615,885862,812717
MX,Mexico,2023,12,2670911,805812,615124,537226
AE,United Arab Emirates,2023,12,2130147,691429,510280,425233
IT,Italy,2023,12,2608265,756850,620369,569146
ES,Spain,2023,12,2500980,788892,623630,544655
US,United States,2024,1,9249152,3008625,2466086,2262464
GB,United Kingdom,2024,1,5013057,1804611,1426570,1245913
CA,Canada,2024,1,3562641,1349937,1030486,858738
DE,Germany,2024,1,3758227,1402810,1035284,949802
FR,France,2024,1,3446391,1172703,961232,839504
AU,Australia,2024,1,3146636,1168455,923680,769733
JP,Japan,2024,1,5383355,1929124,1472614,1351022
SG,Singapore,2024,1,1836794,676527,499282,436054
IN,India,2024,1,6447374,2011085,1648430,1373692
BR,Brazil,2024,1,3597170,1118800,884427,811401
MX,Mexico,2024,1,2322418,805380,614794,536938
AE,United Arab Emirates,2024,1,1932637,697454,514726,428938
IT,Italy,2024,1,2240586,764807,626891,575129
ES,Spain,2024,1,2262555,797037,630069,550279
US,United States,2024,2,9711533,3021985,2477037,2272511
GB,United Kingdom,2024,2,5056714,1802352,1424784,1244353
CA,Canada,2024,2,3696925,1348015,1029019,857516
DE,Germany,2024,2,3845231,1405046,1036934,951316
FR,France,2024,2,3514450,1181142,968149,845545
AU,Australia,2024,2,3278490,1180019,932821,777351
JP,Japan,2024,2,5409948,1937470,1478985,1356867
SG,Singapore,2024,2,1935933,677902,500297,436941
IN,India,2024,2,6504200,2016273,1652683,1377236
BR,Brazil,2024,2,3794220,1123182,887891,814579
MX,Mexico,2024,2,2347207,812030,619870,541371
AE,United Arab Emirates,2024,2,2016781,706263,521227,434356
IT,Italy,2024,2,2287580,769333,630601,578533
ES,Spain,2024,2,2312532,798252,631029,551117
US,United States,2024,3,9957536,3020269,2475630,2271220
GB,United Kingdom,2024,3,5311512,1798652,1421859,1241798
CA,Canada,2024,3,3743940,1351733,1031857,859881
DE,Germany,2024,3,4067790,1414781,1044119,957907
FR,France,2024,3,3543967,1191450,976598,852924
AU,Australia,2024,3,3465139,1187381,938641,782201
JP,Japan,2024,3,5492840,1935308,1477334,1355352
SG,Singapore,2024,3,2024758,677728,500168,436828
IN,India,2024,3,6765568,2027530,1661910,1384925
BR,Brazil,2024,3,3911372,1133846,896321,822313
MX,Mexico,2024,3,2469929,821153,626834,547453
AE,United Arab Emirates,2024,3,2052713,713515,526579,438816
IT,Italy,2024,3,2418079,769687,630891,578799
ES,Spain,2024,3,2333119,796601,629724,549977
US,United States,2024,4,10054624,3016129,2472237,2268107
GB,United Kingdom,2024,4,5592676,1802476,1424882,1244438
CA,Canada,2024,4,3817148,1362680,1040214,866845
DE,Germany,2024,4,4222136,1426750,1052952,966011
FR,France,2024,4,3666911,1197497,981555,857253
AU,Australia,2024,4,3546628,1188314,939379,782816
JP,Japan,2024,4,5762735,1928725,1472309,1350742
SG,Singapore,2024,4,2052107,679581,501536,438023
IN,India,2024,4,7211024,2050181,1680476,1400397
BR,Brazil,2024,4,3963155,1147994,907505,832573
MX,Mexico,2024,4,2611169,828441,632398,552313
AE,United Arab Emirates,2024,4,2098758,716933,529102,440918
IT,Italy,2024,4,2512555,767281,628919,576990
ES,Spain,2024,4,2411750,796201,629408,549701
US,United States,2024,5,10369990,3024607,2479186,2274483
GB,United Kingdom,2024,5,5657356,1815925,1435514,1253724
CA,Canada,2024,5,3991811,1375805,1050233,875194
DE,Germany,2024,5,4224445,1433609,1058014,970655
FR,France,2024,5,3849000,1197051,981189,856934
AU,Australia,2024,5,3556368,1186530,937968,781640
JP,Japan,2024,5,6006572,1927922,1471696,1350180
SG,Singapore,2024,5,2083336,685229,505704,441663
IN,India,2024,5,7476720,2079207,1704268,1420223
BR,Brazil,2024,5,4096574,1159607,916685,840995
MX,Mexico,2024,5,2653251,831261,634550,554192
AE,United Arab Emirates,2024,5,2201622,717783,529729,441441
IT,Italy,2024,5,2514218,766082,627936,576088
ES,Spain,2024,5,2533288,800049,632450,552358
US,United States,2024,6,10762864,3049262,2499395,2293023
GB,United Kingdom,2024,6,5602568,1832258,1448425,1265000
CA,Canada,2024,6,4110677,1384028,1056510,880425
DE,Germany,2024,6,4231032,1432696,1057340,970037
FR,France,2024,6,3899661,1193869,978581,854656
AU,Australia,2024,6,3629031,1188295,939364,782803
JP,Japan,2024,6,5984988,1937829,1479259,1357118
SG,Singapore,2024,6,2158464,692963,511412,446648
IN,India,2024,6,7445283,2103727,1724366,1436972
BR,Brazil,2024,6,4269096,1164982,920934,844894
MX,Mexico,2024,6,2633806,831099,634427,554085
AE,United Arab Emirates,2024,6,2279307,719762,531190,442658
IT,Italy,2024,6,2513154,768968,630302,578259
ES,Spain,2024,6,2572600,807256,638147,557334
US,United States,2024,7,10734997,3078794,2523602,2315231
GB,United Kingdom,2024,7,5646621,1842044,1456161,1271756
CA,Canada,2024,7,4039102,1384754,1057064,880887
DE,Germany,2024,7,4312380,1428509,1054250,967202
FR,France,2024,7,3797432,1194262,978903,854937
AU,Australia,2024,7,3714235,1196677,945990,788325
JP,Japan,2024,7,5839870,1953539,1491251,1368120
SG,Singapore,2024,7,2194258,699150,515978,450636
IN,India,2024,7,7422853,2116988,1735236,1446030
BR,Brazil,2024,7,4281459,1166187,921887,845768
MX,Mexico,2024,7,2658594,832242,635299,554846
AE,United Arab Emirates,2024,7,2251743,725600,535498,446248
IT,Italy,2024,7,2558217,775075,635307,582850
ES,Spain,2024,7,2507684,813835,643348,561876
US,United States,2024,8,10336562,3097356,2538816,2329189
GB,United Kingdom,2024,8,5695595,1841846,1456005,1271620
CA,Canada,2024,8,3908998,1382312,1055200,879333
DE,Germany,2024,8,4302042,1428600,1054317,967263
FR,France,2024,8,3721962,1201294,984667,859971
AU,Australia,2024,8,3654886,1208677,955476,796230
JP,Japan,2024,8,5812281,1964785,1499836,1375996
SG,Singapore,2024,8,2132019,701565,517760,452192
IN,India,2024,8,7537617,2122696,1739915,1449929
BR,Brazil,2024,8,4138897,1169223,924287,847970
MX,Mexico,2024,8,2691271,837834,639568,558575
AE,United Arab Emirates,2024,8,2186171,734524,542084,451737
IT,Italy,2024,8,2554333,780562,639805,586977
ES,Spain,2024,8,2455620,816360,645344,563619
US,United States,2024,9,10098603,3099143,2540281,2330533
GB,United Kingdom,2024,9,5537433,1837438,1452520,1268576
CA,Canada,2024,9,3880454,1384006,1056493,880411
DE,Germany,2024,9,4123271,1436631,1060244,972701
FR,France,2024,9,3725647,1211937,993391,867590
AU,Australia,2024,9,3493260,1217952,962808,802340
JP,Japan,2024,9,5805762,1965375,1500286,1376409
SG,Singapore,2024,9,2053940,701466,517687,452128
IN,India,2024,9,7512764,2131758,1747343,1456119
BR,Brazil,2024,9,4052559,1178528,931643,854718
MX,Mexico,2024,9,2628775,846971,646543,564666
AE,United Arab Emirates,2024,9,2176206,742926,548285,456904
IT,Italy,2024,9,2449528,782154,641110,588174
ES,Spain,2024,9,2458534,815131,644372,562770
US,United States,2024,10,10121940,3093839,2535934,2326545
GB,United Kingdom,2024,10,5283182,1838528,1453382,1269329
CA,Canada,2024,10,3877270,1393404,1063667,886389
DE,Germany,2024,10,3962397,1448972,1069352,981057
FR,France,2024,10,3671937,1219822,999854,873235
AU,Australia,2024,10,3416344,1220639,964932,804110
JP,Japan,2024,10,5624016,1958918,1495357,1371887
SG,Singapore,2024,10,2044355,702466,518425,452773
IN,India,2024,10,7247392,2152290,1764172,1470143
BR,Brazil,2024,10,4076396,1192841,942957,865098
MX,Mexico,2024,10,2515281,855477,653036,570337
AE,United Arab Emirates,2024,10,2185185,747661,551779,459816
IT,Italy,2024,10,2349991,780149,639466,586666
ES,Spain,2024,10,2428436,813923,643417,561936
US,United States,2024,11,10030576,3097795,2539176,2329519
GB,United Kingdom,2024,11,5212428,1849842,1462326,1277141
CA,Canada,2024,11,3780597,1407008,1074052,895043
DE,Germany,2024,11,3965108,1458014,1076025,987179
FR,France,2024,11,3534282,1221099,1000901,874149
AU,Australia,2024,11,3449865,1218946,963594,802995
JP,Japan,2024,11,5396688,1955543,1492781,1369524
SG,Singapore,2024,11,2059952,707223,521936,455839
IN,India,2024,11,7078183,2182046,1788562,1490468
BR,Brazil,2024,11,4061578,1206300,953597,874860
MX,Mexico,2024,11,2485119,859741,656291,573180
AE,United Arab Emirates,2024,11,2142790,748969,552745,460621
IT,Italy,2024,11,2347641,778165,637840,585174
ES,Spain,2024,11,2340861,816526,645475,563734
US,United States,2024,12,11234003,3118992,2556551,2345460
GB,United Kingdom,2024,12,6115829,1866724,1475671,1288796
CA,Canada,2024,12,4234395,1417433,1082010,901675
DE,Germany,2024,12,4621076,1459151,1076864,987949
FR,France,2024,12,3995232,1217993,998355,871926
AU,Australia,2024,12,3972807,1219165,963767,803139
JP,Japan,2024,12,6193883,1962597,1498166,1374464
SG,Singapore,2024,12,2338870,714971,527654,460833
IN,India,2024,12,8315124,2210331,1811747,1509789
BR,Brazil,2024,12,4569158,1213805,959530,880303
MX,Mexico,2024,12,2924829,860060,656534,573392
AE,United Arab Emirates,2024,12,2408770,750296,553724,461437
IT,Italy,2024,12,2737526,779828,639203,586425
ES,Spain,2024,12,2644320,823256,650795,568380
US,United States,2025,1,9831227,3157552,2588157,2374456
GB,United Kingdom,2025,1,5397248,1878457,1484946,1296896
CA,Canada,2025,1,3770095,1415866,1080814,900678
DE,Germany,2025,1,4010033,1450954,1070815,982399
FR,France,2025,1,3600647,1216819,997393,871086
AU,Australia,2025,1,3423155,1229378,971840,809867
JP,Japan,2025,1,5036153,1983873,1514407,1389364
SG,Singapore,2025,1,2022788,722517,533223,465697
IN,India,2025,1,7519714,2222128,1821416,1517847
BR,Brazil,2025,1,4007654,1211841,957977,878878
MX,Mexico,2025,1,2593531,859598,656182,573085
AE,United Arab Emirates,2025,1,2150015,756835,558550,465458
IT,Italy,2025,1,2377684,788026,645923,592590
ES,Spain,2025,1,2382567,831756,657515,574249
US,United States,2025,2,10331720,3171573,2599650,2385000
GB,United Kingdom,2025,2,5405500,1876104,1483086,1295272
CA,Canada,2025,2,3964182,1413852,1079276,899397
DE,Germany,2025,2,4031227,1453267,1072522,983965
FR,France,2025,2,3744302,1225575,1004570,877354
AU,Australia,2025,2,3495842,1241544,981458,817882
JP,Japan,2025,2,5149901,1992456,1520959,1395375
SG,Singapore,2025,2,2104007,723986,534307,466644
IN,India,2025,2,7643708,2227862,1826116,1521763
BR,Brazil,2025,2,4225169,1216586,961728,882319
MX,Mexico,2025,2,2605927,866696,661600,577817
AE,United Arab Emirates,2025,2,2271122,766393,565604,471337
IT,Italy,2025,2,2386916,792690,649746,596097
ES,Spain,2025,2,2482654,833024,658517,575124
US,United States,2025,3,10805613,3169771,2598173,2383645
GB,United Kingdom,2025,3,5568650,1872253,1480042,1292613
CA,Canada,2025,3,4079675,1417753,1082254,901878
DE,Germany,2025,3,4217380,1463336,1079953,990783
FR,France,2025,3,3795412,1236272,1013338,885011
AU,Australia,2025,3,3702496,1249291,987582,822985
JP,Japan,2025,3,5185772,1990232,1519261,1393817
SG,Singapore,2025,3,2231683,723800,534170,466524
IN,India,2025,3,7807495,2240299,1836311,1530259
BR,Brazil,2025,3,4442412,1228138,970860,890697
MX,Mexico,2025,3,2688441,876433,669033,584308
AE,United Arab Emirates,2025,3,2350789,774263,571412,476177
IT,Italy,2025,3,2492366,793055,650045,596372
ES,Spain,2025,3,2521023,831300,657154,573934
US,United States,2025,4,10940634,3165427,2594612,2380378
GB,United Kingdom,2025,4,5890225,1876232,1483187,1295360
CA,Canada,2025,4,4115775,1429234,1091018,909182
DE,Germany,2025,4,4446648,1475716,1089089,999164
FR,France,2025,4,3852351,1242546,1018480,889502
AU,Australia,2025,4,3865542,1250273,988358,823632
JP,Japan,2025,4,5338056,1983462,1514093,1389076
SG,Singapore,2025,4,2296857,725780,535631,467800
IN,India,2025,4,8238057,2265327,1856825,1547354
BR,Brazil,2025,4,4519443,1243461,982973,901810
MX,Mexico,2025,4,2851411,884213,674972,589495
AE,United Arab Emirates,2025,4,2381132,777971,574148,478457
IT,Italy,2025,4,2628496,790576,648013,594507
ES,Spain,2025,4,2557676,830884,656825,573646
US,United States,2025,5,11061350,3174325,2601906,2387070
GB,United Kingdom,2025,5,6076670,1890233,1494255,1305026
CA,Canada,2025,5,4227560,1443000,1101527,917939
DE,Germany,2025,5,4510339,1482810,1094325,1003968
FR,France,2025,5,4012374,1242084,1018102,889172
AU,Australia,2025,5,3882092,1248396,986874,822395
JP,Japan,2025,5,5595763,1982637,1513463,1388498
SG,Singapore,2025,5,2304971,731811,540082,471687
IN,India,2025,5,8682677,2297398,1883113,1569261
BR,Brazil,2025,5,4581007,1256039,992916,910932
MX,Mexico,2025,5,2955307,887222,677269,591501
AE,United Arab Emirates,2025,5,2451917,778895,574830,479025
IT,Italy,2025,5,2668926,789340,647000,593578
ES,Spain,2025,5,2662466,834900,660000,576419
US,United States,2025,6,11419420,3200202,2623116,2406528
GB,United Kingdom,2025,6,6011710,1907234,1507695,1316764
CA,Canada,2025,6,4388709,1451624,1108110,923425
DE,Germany,2025,6,4456293,1481867,1093629,1003329
FR,France,2025,6,4137583,1238782,1015395,886808
AU,Australia,2025,6,3882486,1250253,988342,823618
JP,Japan,2025,6,5685284,1992824,1521240,1395633
SG,Singapore,2025,6,2347055,740071,546178,477011
IN,India,2025,6,8757570,2324493,1905322,1587768
BR,Brazil,2025,6,4742375,1261862,997519,915155
MX,Mexico,2025,6,2934635,887049,677137,591386
AE,United Arab Emirates,2025,6,2555829,781042,576415,480346
IT,Italy,2025,6,2634503,792314,649438,595815
ES,Spain,2025,6,2750173,842420,665945,581611
US,United States,2025,7,11604219,3231194,2648520,2429835
GB,United Kingdom,2025,7,5937024,1917419,1515746,1323796
CA,Canada,2025,7,4394302,1452385,1108691,923909
DE,Germany,2025,7,4470651,1477535,1090432,1000396
FR,France,2025,7,4072844,1239191,1015730,887100
AU,Australia,2025,7,3957167,1259072,995314,829428
JP,Japan,2025,7,5535172,2008979,1533572,1406947
SG,Singapore,2025,7,2407862,746678,551054,481270
IN,India,2025,7,8605531,2339145,1917332,1597777
BR,Brazil,2025,7,4843242,1263167,998551,916102
MX,Mexico,2025,7,2902829,888269,678068,592199
AE,United Arab Emirates,2025,7,2573899,787377,581090,484242
IT,Italy,2025,7,2637436,798605,654594,600545
ES,Spain,2025,7,2712822,849286,671372,586351
US,United States,2025,8,11270122,3250673,2664486,2444483
GB,United Kingdom,2025,8,5978820,1917215,1515585,1323655
CA,Canada,2025,8,4232661,1449824,1106736,922280
DE,Germany,2025,8,4510518,1477629,1090501,1000460
FR,France,2025,8,3927746,1246487,1021711,892324
AU,Australia,2025,8,3968679,1271697,1005294,837745
JP,Japan,2025,8,5398236,2020545,1542401,1415047
SG,Singapore,2025,8,2383107,749257,552957,482932
IN,India,2025,8,8608220,2345452,1922502,1602085
BR,Brazil,2025,8,4728026,1266457,1001152,918488
MX,Mexico,2025,8,2929797,894239,682625,596179
AE,United Arab Emirates,2025,8,2490454,797060,588236,490197
IT,Italy,2025,8,2660325,804261,659230,604798
ES,Spain,2025,8,2616091,851922,673456,588171
US,United States,2025,9,10818110,3252552,2666026,2445895
GB,United Kingdom,2025,9,5927700,1912624,1511956,1320486
CA,Canada,2025,9,4118440,1451601,1108092,923410
DE,Germany,2025,9,4398882,1485936,1096632,1006084
FR,France,2025,9,3880243,1257530,1030762,900229
AU,Australia,2025,9,3821844,1281455,1013008,844173
JP,Japan,2025,9,5389901,2021152,1542864,1415472
SG,Singapore,2025,9,2282323,749151,552879,482864
IN,India,2025,9,8685366,2355465,1930709,1608924
BR,Brazil,2025,9,4551759,1276534,1009118,925796
MX,Mexico,2025,9,2917571,903988,690067,602679
AE,United Arab Emirates,2025,9,2429473,806178,594965,495804
IT,Italy,2025,9,2597450,805900,660574,606031
ES,Spain,2025,9,2582320,850638,672441,587285
US,United States,2025,10,10723677,3246985,2661463,2441709
GB,United Kingdom,2025,10,5684681,1913760,1512854,1321270
CA,Canada,2025,10,4123784,1461457,1115616,929680
DE,Germany,2025,10,4192248,1498700,1106052,1014727
FR,France,2025,10,3878568,1265711,1037468,906086
AU,Australia,2025,10,3670202,1284282,1015243,846036
JP,Japan,2025,10,5325235,2014511,1537795,1410821
SG,Singapore,2025,10,2227186,750219,553667,483552
IN,India,2025,10,8520425,2378151,1949304,1624420
BR,Brazil,2025,10,4522996,1292038,1021374,937040
MX,Mexico,2025,10,2809594,913067,696998,608732
AE,United Arab Emirates,2025,10,2441384,811317,598758,498965
IT,Italy,2025,10,2474399,803834,658880,604477
ES,Spain,2025,10,2584410,849377,671444,586414
US,United States,2025,11,10795343,3251135,2664865,2444830
GB,United Kingdom,2025,11,5501723,1925537,1522164,1329401
CA,Canada,2025,11,4101576,1475725,1126508,938757
DE,Germany,2025,11,4116145,1508053,1112954,1021059
FR,France,2025,11,3790853,1267036,1038554,907034
AU,Australia,2025,11,3669205,1282503,1013836,844863
JP,Japan,2025,11,5130391,2011041,1535146,1408391
SG,Singapore,2025,11,2251592,755300,557417,486827
IN,India,2025,11,8243573,2411030,1976254,1646878
BR,Brazil,2025,11,4574153,1306617,1032899,947614
MX,Mexico,2025,11,2724382,917620,700473,611767
AE,United Arab Emirates,2025,11,2441959,812737,599806,499838
IT,Italy,2025,11,2424301,801790,657205,602940
ES,Spain,2025,11,2531738,852095,673593,588291
US,United States,2025,12,12256517,3273382,2683100,2461560
GB,United Kingdom,2025,12,6405669,1943110,1536055,1341533
CA,Canada,2025,12,4600682,1486661,1134856,945713
DE,Germany,2025,12,4824803,1509229,1113822,1021855
FR,France,2025,12,4235749,1263815,1035914,904728
AU,Australia,2025,12,4295317,1282732,1014017,845014
JP,Japan,2025,12,5773986,2018296,1540684,1413472
SG,Singapore,2025,12,2607571,763574,563523,492160
IN,India,2025,12,9506362,2442284,2001872,1668227
BR,Brazil,2025,12,5221291,1314745,1039324,953508
MX,Mexico,2025,12,3177820,917959,700732,611993
AE,United Arab Emirates,2025,12,2752808,814177,600869,500724
IT,Italy,2025,12,2839564,803504,658610,604229
ES,Spain,2025,12,2830159,859116,679143,593138
US,United States,2026,1,10567168,3313849,2716270,2491991
GB,United Kingdom,2026,1,5760612,1955323,1545710,1349965
CA,Canada,2026,1,4010562,1485016,1133600,944667
DE,Germany,2026,1,4272054,1500751,1107565,1016115
FR,France,2026,1,3750887,1262598,1034916,903857
AU,Australia,2026,1,3748165,1293478,1022512,852093
JP,Japan,2026,1,5185030,2040177,1557387,1428795
SG,Singapore,2026,1,2253815,771633,569471,497355
IN,India,2026,1,8666032,2455318,2012556,1677130
BR,Brazil,2026,1,4516583,1312617,1037642,951965
MX,Mexico,2026,1,2869722,917466,700356,611665
AE,United Arab Emirates,2026,1,2406177,821271,606104,505087
IT,Italy,2026,1,2517228,811950,665533,610581
ES,Spain,2026,1,2503643,867989,686157,599264
US,United States,2026,2,10943724,3328566,2728333,2503058
GB,United Kingdom,2026,2,5823368,1952875,1543775,1348275
CA,Canada,2026,2,4206860,1482904,1131988,943323
DE,Germany,2026,2,4277683,1503144,1109331,1017735
FR,France,2026,2,3942207,1271682,1042362,910360
AU,Australia,2026,2,3768140,1306278,1032631,860526
JP,Japan,2026,2,5402634,2049001,1564123,1434975
SG,Singapore,2026,2,2297119,773204,570630,498367
IN,India,2026,2,8975315,2461653,2017748,1681457
BR,Brazil,2026,2,4688174,1317757,1041705,955693
MX,Mexico,2026,2,2913759,925042,706139,616715
AE,United Arab Emirates,2026,2,2532181,831643,613759,511466
IT,Italy,2026,2,2520407,816757,669473,614195
ES,Spain,2026,2,2633668,869311,687202,600176
US,United States,2026,3,11591395,3326674,2726782,2501635
GB,United Kingdom,2026,3,5896688,1948864,1540604,1345506
CA,Canada,2026,3,4414374,1486995,1135111,945926
DE,Germany,2026,3,4385930,1513558,1117017,1024786
FR,France,2026,3,4067548,1282780,1051459,918305
AU,Australia,2026,3,3936330,1314429,1039074,865895
JP,Japan,2026,3,5485330,2046715,1562378,1433374
SG,Singapore,2026,3,2433546,773004,570483,498238
IN,India,2026,3,9120727,2475397,2029014,1690845
BR,Brazil,2026,3,4986739,1330269,1051596,964767
MX,Mexico,2026,3,2956984,935433,714071,623643
AE,United Arab Emirates,2026,3,2671605,840185,620063,516719
IT,Italy,2026,3,2578889,817132,669780,614477
ES,Spain,2026,3,2723740,867513,685781,598935
US,United States,2026,4,11931405,3322116,2723046,2498207
GB,United Kingdom,2026,4,6164376,1953007,1543879,1348366
CA,Canada,2026,4,4479779,1499037,1144303,953586
DE,Germany,2026,4,4630507,1526363,1126467,1033456
FR,France,2026,4,4097416,1289290,1056795,922965
AU,Australia,2026,4,4165658,1315462,1039891,866576
JP,Japan,2026,4,5546545,2039753,1557063,1428498
SG,Singapore,2026,4,2554282,775118,572043,499601
IN,India,2026,4,9433604,2503051,2051681,1709734
BR,Brazil,2026,4,5161165,1346866,1064716,976804
MX,Mexico,2026,4,3096214,943737,720410,629179
AE,United Arab Emirates,2026,4,2725535,844208,623032,519193
IT,Italy,2026,4,2719688,814578,667687,612557
ES,Spain,2026,4,2746016,867077,685436,598634
US,United States,2026,5,11944152,3331455,2730701,2505230
GB,United Kingdom,2026,5,6457177,1967581,1555400,1358428
CA,Canada,2026,5,4515076,1513476,1155325,962771
DE,Germany,2026,5,4790978,1533700,1131882,1038424
FR,France,2026,5,4186129,1288812,1056403,922623
AU,Australia,2026,5,4250182,1313486,1038329,865274
JP,Japan,2026,5,5752259,2038902,1556414,1427903
SG,Singapore,2026,5,2575524,781559,576796,503752
IN,India,2026,5,9967792,2538487,2080727,1733939
BR,Brazil,2026,5,5186228,1360492,1075488,986686
MX,Mexico,2026,5,3255455,946948,722861,631320
AE,United Arab Emirates,2026,5,2755385,845210,623771,519809
IT,Italy,2026,5,2816668,813304,666643,611599
ES,Spain,2026,5,2802825,871266,688748,601527
US,United States,2026,6,12107336,3358611,2752960,2525651
GB,United Kingdom,2026,6,6479446,1985278,1569390,1370646
CA,Canada,2026,6,4647738,1522521,1162230,968525
DE,Germany,2026,6,4744297,1532725,1131162,1037763
FR,France,2026,6,4338399,1285386,1053595,920170
AU,Australia,2026,6,4204324,1315441,1039874,866562
JP,Japan,2026,6,5938331,2049381,1564413,1435241
SG,Singapore,2026,6,2572260,790381,583307,509438
IN,India,2026,6,10255222,2568425,2105266,1754388
BR,Brazil,2026,6,5268644,1366798,1080473,991260
MX,Mexico,2026,6,3281809,946766,722722,631198
AE,United Arab Emirates,2026,6,2844494,847539,625490,521242
IT,Italy,2026,6,2790349,816369,669155,613904
ES,Spain,2026,6,2905862,879116,694953,606946
US,United States,2026,7,12394580,3391139,2779622,2550112
GB,United Kingdom,2026,7,6316031,1995880,1577771,1377966
CA,Canada,2026,7,4734925,1523320,1162840,969033
DE,Germany,2026,7,4665334,1528245,1127856,1034730
FR,France,2026,7,4355038,1285809,1053942,920473
AU,Australia,2026,7,4209939,1324719,1047209,872674
JP,Japan,2026,7,5859224,2065996,1577096,1446877
SG,Singapore,2026,7,2619617,797436,588514,513986
IN,India,2026,7,10088016,2584614,2118536,1765447
BR,Brazil,2026,7,5413834,1368213,1081591,992285
MX,Mexico,2026,7,3207658,948065,723714,632065
AE,United Arab Emirates,2026,7,2912640,854414,630564,525470
IT,Italy,2026,7,2738956,822851,674468,618778
ES,Spain,2026,7,2923613,886281,700617,611893
US,United States,2026,8,12269285,3411582,2796379,2565485
GB,United Kingdom,2026,8,6257708,1995668,1577603,1377819
CA,Canada,2026,8,4613029,1520634,1160789,967324
DE,Germany,2026,8,4684018,1528342,1127928,1034796
FR,France,2026,8,4193704,1293379,1060147,925893
AU,Australia,2026,8,4258131,1338004,1057711,881426
JP,Japan,2026,8,5635075,2077889,1586175,1455206
SG,Singapore,2026,8,2639384,800191,590547,515762
IN,India,2026,8,9889504,2591585,2124250,1770208
BR,Brazil,2026,8,5388465,1371775,1084407,994869
MX,Mexico,2026,8,3182622,954437,728578,636313
AE,United Arab Emirates,2026,8,2853538,864924,638320,531933
IT,Italy,2026,8,2745668,828678,679244,623160
ES,Spain,2026,8,2819024,889031,702791,613791
US,United States,2026,9,11730081,3413553,2797994,2566967
GB,United Kingdom,2026,9,6270773,1990889,1573825,1374520
CA,Canada,2026,9,4418481,1522498,1162212,968510
DE,Germany,2026,9,4654750,1536932,1134267,1040612
FR,France,2026,9,4059586,1304838,1069539,934095
AU,Australia,2026,9,4177966,1348271,1065827,888189
JP,Japan,2026,9,5539675,2078513,1586651,1455643
SG,Singapore,2026,9,2554225,800079,590464,515689
IN,India,2026,9,9941255,2602647,2133317,1777764
BR,Brazil,2026,9,5173754,1382691,1093036,1002785
MX,Mexico,2026,9,3199683,964844,736522,643251
AE,United Arab Emirates,2026,9,2742717,874815,645620,538017
IT,Italy,2026,9,2730367,830367,680629,624430
ES,Spain,2026,9,2726720,887692,701733,612867
